1,I,LO/LO/01,"Auto Added Extension",0,0,14,0.62253,00:07:32,0,0,00:00:00,0,0,00:00:00,0,0,00:00:00,0,0,00:00:00
1,I,LO/LO/02,"Auto Added Extension",0,0,13,2.33856,00:50:40,0,0,00:00:00,0,0,00:00:00,0,0,00:00:00,0,0,00:00:00
1,I,LO/LO/03,"Auto Added Extension",0,0,12,0.82746,00:16:10,0,0,00:00:00,0,0,00:00:00,0,0,00:00:00,0,0,00:00:00





































































































































































































1,I,LO/LO/201,"Auto Added Extension",0,0,34,2.53518,00:47:52,0,0,00:00:00,0,0,00:00:00,0,0,00:00:00,0,0,00:00:00




1,I,LO/LO/206,"Auto Added Extension",0,0,3,0.15408,00:01:22,0,0,00:00:00,0,0,00:00:00,0,0,00:00:00,0,0,00:00:00

1,I,LO/LO/208,"Auto Added Extension",0,0,7,0.50717,00:09:12,0,0,00:00:00,0,0,00:00:00,0,0,00:00:00,0,0,00:00:00



1,I,LO/LO/212,"Auto Added Extension",0,0,23,3.507,01:00:46,0,0,00:00:00,0,0,00:00:00,0,0,00:00:00,0,0,00:00:00
1,I,LO/LO/213,"Auto Added Extension",0,0,16,2.5267,00:36:56,0,0,00:00:00,0,0,00:00:00,0,0,00:00:00,0,0,00:00:00



1,I,LO/LO/217,"Auto Added Extension",0,0,2,0.05376,00:01:40,0,0,00:00:00,0,0,00:00:00,0,0,00:00:00,0,0,00:00:00
1,I,LO/LO/218,"Auto Added Extension",0,0,10,1.05365,00:08:58,0,0,00:00:00,0,0,00:00:00,0,0,00:00:00,0,0,00:00:00
1,I,LO/LO/219,"Auto Added Extension",0,0,6,0,00:00:30,0,0,00:00:00,0,0,00:00:00,0,0,00:00:00,0,0,00:00:00
1,I,LO/LO/220,"Auto Added Extension",0,0,21,3.00064,00:49:54,0,0,00:00:00,0,0,00:00:00,0,0,00:00:00,0,0,00:00:00


1,I,LO/LO/223,"Auto Added Extension",0,0,1,0.374,00:02:50,0,0,00:00:00,0,0,00:00:00,0,0,00:00:00,0,0,00:00:00
1,I,LO/LO/224,"Auto Added Extension",0,0,12,2.69544,00:28:22,0,0,00:00:00,0,0,00:00:00,0,0,00:00:00,0,0,00:00:00
1,I,LO/LO/225,"Auto Added Extension",0,0,2,0.084,00:01:34,0,0,00:00:00,0,0,00:00:00,0,0,00:00:00,0,0,00:00:00

1,I,LO/LO/227,"Auto Added Extension",0,0,4,0.34933,00:05:10,0,0,00:00:00,0,0,00:00:00,0,0,00:00:00,0,0,00:00:00
1,I,LO/LO/228,"Auto Added Extension",0,0,3,0.54899,00:15:38,0,0,00:00:00,0,0,00:00:00,0,0,00:00:00,0,0,00:00:00
1,I,LO/LO/229,"Auto Added Extension",0,0,6,0.57037,00:11:02,0,0,00:00:00,0,0,00:00:00,0,0,00:00:00,0,0,00:00:00
1,I,LO/LO/230,"Auto Added Extension",0,0,13,3.01297,00:53:44,0,0,00:00:00,0,0,00:00:00,0,0,00:00:00,0,0,00:00:00








1,I,LO/LO/239,"Auto Added Extension",0,0,22,2.17631,00:31:30,0,0,00:00:00,0,0,00:00:00,0,0,00:00:00,0,0,00:00:00
1,I,LO/LO/240,"Auto Added Extension",0,0,88,10.26289,02:22:48,0,0,00:00:00,0,0,00:00:00,0,0,00:00:00,0,0,00:00:00
1,I,LO/LO/241,"Auto Added Extension",0,0,8,0.82408,00:08:26,0,0,00:00:00,0,0,00:00:00,0,0,00:00:00,0,0,00:00:00
1,I,LO/LO/242,"Auto Added Extension",0,0,3,0.20006,00:04:48,0,0,00:00:00,0,0,00:00:00,0,0,00:00:00,0,0,00:00:00
1,I,LO/LO/243,"Auto Added Extension",0,0,41,5.23945,01:35:56,0,0,00:00:00,0,0,00:00:00,0,0,00:00:00,0,0,00:00:00
1,I,LO/LO/244,"Auto Added Extension",0,0,9,1.10021,00:27:28,0,0,00:00:00,0,0,00:00:00,0,0,00:00:00,0,0,00:00:00
1,I,LO/LO/245,"Auto Added Extension",0,0,100,14.29036,03:10:34,0,0,00:00:00,0,0,00:00:00,0,0,00:00:00,0,0,00:00:00
1,I,LO/LO/246,"Auto Added Extension",0,0,3,0.91097,00:22:58,0,0,00:00:00,0,0,00:00:00,0,0,00:00:00,0,0,00:00:00
1,I,LO/LO/247,"Auto Added Extension",0,0,23,2.68096,00:29:18,0,0,00:00:00,0,0,00:00:00,0,0,00:00:00,0,0,00:00:00
1,I,LO/LO/248,"Auto Added Extension",0,0,7,2.13183,00:30:32,0,0,00:00:00,0,0,00:00:00,0,0,00:00:00,0,0,00:00:00




1,I,LO/LO/253,"Auto Added Extension",0,0,36,5.19279,01:31:28,0,0,00:00:00,0,0,00:00:00,0,0,00:00:00,0,0,00:00:00


1,I,LO/LO/256,"Auto Added Extension",0,0,13,1.00536,00:15:02,0,0,00:00:00,0,0,00:00:00,0,0,00:00:00,0,0,00:00:00
1,I,LO/LO/257,"Auto Added Extension",0,0,23,1.64692,00:34:54,0,0,00:00:00,0,0,00:00:00,0,0,00:00:00,0,0,00:00:00
1,I,LO/LO/258,"Auto Added Extension",0,0,16,3.77199,00:55:18,0,0,00:00:00,0,0,00:00:00,0,0,00:00:00,0,0,00:00:00
1,I,LO/LO/259,"Auto Added Extension",0,0,5,1.12239,00:18:50,0,0,00:00:00,0,0,00:00:00,0,0,00:00:00,0,0,00:00:00
1,I,LO/LO/260,"Auto Added Extension",0,0,9,1.20523,00:19:04,0,0,00:00:00,0,0,00:00:00,0,0,00:00:00,0,0,00:00:00

1,I,LO/LO/262,"Auto Added Extension",0,0,4,0.36848,00:10:04,0,0,00:00:00,0,0,00:00:00,0,0,00:00:00,0,0,00:00:00
1,I,LO/LO/263,"Auto Added Extension",0,0,23,3.48802,00:56:20,0,0,00:00:00,0,0,00:00:00,0,0,00:00:00,0,0,00:00:00
1,I,LO/LO/264,"Auto Added Extension",0,0,21,2.65341,00:42:10,0,0,00:00:00,0,0,00:00:00,0,0,00:00:00,0,0,00:00:00



1,I,LO/LO/268,"Auto Added Extension",0,0,83,8.52809,01:52:56,0,0,00:00:00,0,0,00:00:00,0,0,00:00:00,0,0,00:00:00





1,I,LO/LO/274,"Auto Added Extension",0,0,8,0.6277,00:06:24,0,0,00:00:00,0,0,00:00:00,0,0,00:00:00,0,0,00:00:00
1,I,LO/LO/275,"Auto Added Extension",0,0,10,0.61552,00:17:34,0,0,00:00:00,0,0,00:00:00,0,0,00:00:00,0,0,00:00:00
1,I,LO/LO/276,"Auto Added Extension",0,0,28,2.58925,00:44:48,0,0,00:00:00,0,0,00:00:00,0,0,00:00:00,0,0,00:00:00
1,I,LO/LO/277,"Auto Added Extension",0,0,1,0.042,00:00:40,0,0,00:00:00,0,0,00:00:00,0,0,00:00:00,0,0,00:00:00
1,I,LO/LO/278,"Auto Added Extension",0,0,16,1.48858,00:27:00,0,0,00:00:00,0,0,00:00:00,0,0,00:00:00,0,0,00:00:00

1,I,LO/LO/280,"Auto Added Extension",0,0,17,1.14802,00:21:12,0,0,00:00:00,0,0,00:00:00,0,0,00:00:00,0,0,00:00:00

1,I,LO/LO/282,"Auto Added Extension",0,0,1,0.042,00:00:12,0,0,00:00:00,0,0,00:00:00,0,0,00:00:00,0,0,00:00:00
1,I,LO/LO/283,"Auto Added Extension",0,0,11,1.11572,00:43:38,0,0,00:00:00,0,0,00:00:00,0,0,00:00:00,0,0,00:00:00

1,I,LO/LO/285,"Auto Added Extension",0,0,32,1.42296,00:27:34,0,0,00:00:00,0,0,00:00:00,0,0,00:00:00,0,0,00:00:00
1,I,LO/LO/286,"Auto Added Extension",0,0,52,7.49991,01:35:40,0,0,00:00:00,0,0,00:00:00,0,0,00:00:00,0,0,00:00:00
1,I,LO/LO/287,"Auto Added Extension",0,0,12,0.92402,00:18:58,0,0,00:00:00,0,0,00:00:00,0,0,00:00:00,0,0,00:00:00


1,I,LO/LO/290,"Auto Added Extension",0,0,4,0.14466,00:02:56,0,0,00:00:00,0,0,00:00:00,0,0,00:00:00,0,0,00:00:00
1,I,LO/LO/291,"Auto Added Extension",0,0,5,0.532,00:08:52,0,0,00:00:00,0,0,00:00:00,0,0,00:00:00,0,0,00:00:00
1,I,LO/LO/292,"Auto Added Extension",0,0,21,1.61373,00:25:04,0,0,00:00:00,0,0,00:00:00,0,0,00:00:00,0,0,00:00:00
1,I,LO/LO/293,"Auto Added Extension",0,0,2,0.15927,00:02:22,0,0,00:00:00,0,0,00:00:00,0,0,00:00:00,0,0,00:00:00


1,I,LO/LO/296,"Auto Added Extension",0,0,42,8.46613,02:18:50,0,0,00:00:00,0,0,00:00:00,0,0,00:00:00,0,0,00:00:00
1,I,LO/LO/297,"Auto Added Extension",0,0,13,0.546,00:05:56,0,0,00:00:00,0,0,00:00:00,0,0,00:00:00,0,0,00:00:00
1,I,LO/LO/298,"Auto Added Extension",0,0,9,1.10824,00:19:48,0,0,00:00:00,0,0,00:00:00,0,0,00:00:00,0,0,00:00:00
1,I,LO/LO/299,"Auto Added Extension",0,0,2,0.08462,00:01:06,0,0,00:00:00,0,0,00:00:00,0,0,00:00:00,0,0,00:00:00

1,I,LO/LO/301,"Auto Added Extension",0,0,91,6.56064,02:36:40,0,0,00:00:00,0,0,00:00:00,0,0,00:00:00,0,0,00:00:00





1,I,LO/LO/307,"Auto Added Extension",0,0,18,1.57291,00:23:42,0,0,00:00:00,0,0,00:00:00,0,0,00:00:00,0,0,00:00:00












1,I,LO/LO/320,"Auto Added Extension",0,0,5,0.39225,00:07:18,0,0,00:00:00,0,0,00:00:00,0,0,00:00:00,0,0,00:00:00










1,I,LO/LO/331,"Auto Added Extension",0,0,36,4.80401,01:52:40,0,0,00:00:00,0,0,00:00:00,0,0,00:00:00,0,0,00:00:00
1,I,LO/LO/332,"Auto Added Extension",0,0,33,2.12091,00:42:08,0,0,00:00:00,0,0,00:00:00,0,0,00:00:00,0,0,00:00:00


1,I,LO/LO/335,"Auto Added Extension",0,0,31,6.0615,01:20:44,0,0,00:00:00,0,0,00:00:00,0,0,00:00:00,0,0,00:00:00
1,I,LO/LO/336,"Auto Added Extension",0,0,2,0,00:14:06,0,0,00:00:00,0,0,00:00:00,0,0,00:00:00,0,0,00:00:00
1,I,LO/LO/337,"Auto Added Extension",0,0,6,0.44903,00:04:10,0,0,00:00:00,0,0,00:00:00,0,0,00:00:00,0,0,00:00:00




1,I,LO/LO/342,"Auto Added Extension",0,0,17,1.24813,00:28:12,0,0,00:00:00,0,0,00:00:00,0,0,00:00:00,0,0,00:00:00
1,I,LO/LO/343,"Auto Added Extension",0,0,44,8.13983,02:06:38,0,0,00:00:00,0,0,00:00:00,0,0,00:00:00,0,0,00:00:00




1,I,LO/LO/348,"Auto Added Extension",0,0,1,0.042,00:00:28,0,0,00:00:00,0,0,00:00:00,0,0,00:00:00,0,0,00:00:00





1,I,LO/LO/354,"Auto Added Extension",0,0,1,0.29484,00:01:18,0,0,00:00:00,0,0,00:00:00,0,0,00:00:00,0,0,00:00:00

1,I,LO/LO/356,"Auto Added Extension",0,0,11,1.77777,00:17:28,0,0,00:00:00,0,0,00:00:00,0,0,00:00:00,0,0,00:00:00



1,I,LO/LO/360,"Auto Added Extension",0,0,4,2.48331,00:14:08,0,0,00:00:00,0,0,00:00:00,0,0,00:00:00,0,0,00:00:00



1,I,LO/LO/364,"Auto Added Extension",0,0,9,0,00:07:52,0,0,00:00:00,0,0,00:00:00,0,0,00:00:00,0,0,00:00:00



1,I,LO/LO/368,"Auto Added Extension",0,0,1,0.042,00:00:30,0,0,00:00:00,0,0,00:00:00,0,0,00:00:00,0,0,00:00:00

1,I,LO/LO/370,"Auto Added Extension",0,0,30,7.45789,00:42:24,0,0,00:00:00,0,0,00:00:00,0,0,00:00:00,0,0,00:00:00
1,I,LO/LO/371,"Auto Added Extension",0,0,6,0.562,00:03:14,0,0,00:00:00,0,0,00:00:00,0,0,00:00:00,0,0,00:00:00
1,I,LO/LO/372,"Auto Added Extension",0,0,7,2.99095,00:42:04,0,0,00:00:00,0,0,00:00:00,0,0,00:00:00,0,0,00:00:00
1,I,LO/LO/373,"Auto Added Extension",0,0,29,3.31439,01:26:04,0,0,00:00:00,0,0,00:00:00,0,0,00:00:00,0,0,00:00:00
1,I,LO/LO/374,"Auto Added Extension",0,0,28,2.79474,00:39:22,0,0,00:00:00,0,0,00:00:00,0,0,00:00:00,0,0,00:00:00


1,I,LO/LO/377,"Auto Added Extension",0,0,53,13.47895,02:15:50,0,0,00:00:00,0,0,00:00:00,0,0,00:00:00,0,0,00:00:00




1,I,LO/LO/382,"Auto Added Extension",0,0,5,1.2602,00:06:32,0,0,00:00:00,0,0,00:00:00,0,0,00:00:00,0,0,00:00:00
1,I,LO/LO/383,"Auto Added Extension",0,0,25,2.00948,00:28:24,0,0,00:00:00,0,0,00:00:00,0,0,00:00:00,0,0,00:00:00
1,I,LO/LO/384,"Auto Added Extension",0,0,59,7.57609,01:53:38,0,0,00:00:00,0,0,00:00:00,0,0,00:00:00,0,0,00:00:00
1,I,LO/LO/385,"Auto Added Extension",0,0,3,0,00:01:28,0,0,00:00:00,0,0,00:00:00,0,0,00:00:00,0,0,00:00:00
1,I,LO/LO/386,"Auto Added Extension",0,0,6,0.252,00:03:18,0,0,00:00:00,0,0,00:00:00,0,0,00:00:00,0,0,00:00:00

1,I,LO/LO/388,"Auto Added Extension",0,0,3,0.46196,00:12:50,0,0,00:00:00,0,0,00:00:00,0,0,00:00:00,0,0,00:00:00
1,I,LO/LO/389,"Auto Added Extension",0,0,13,2.40526,00:42:00,0,0,00:00:00,0,0,00:00:00,0,0,00:00:00,0,0,00:00:00

1,I,LO/LO/391,"Auto Added Extension",0,0,1,0.06496,00:01:56,0,0,00:00:00,0,0,00:00:00,0,0,00:00:00,0,0,00:00:00

1,I,LO/LO/393,"Auto Added Extension",0,0,8,0.52081,00:07:24,0,0,00:00:00,0,0,00:00:00,0,0,00:00:00,0,0,00:00:00










1,I,LO/LO/404,"Auto Added Extension",0,0,7,0.73504,00:13:14,0,0,00:00:00,0,0,00:00:00,0,0,00:00:00,0,0,00:00:00

1,I,LO/LO/406,"Auto Added Extension",0,0,68,14.20014,03:17:20,0,0,00:00:00,0,0,00:00:00,0,0,00:00:00,0,0,00:00:00
1,I,LO/LO/407,"Auto Added Extension",0,0,2,0.5368,00:04:04,0,0,00:00:00,0,0,00:00:00,0,0,00:00:00,0,0,00:00:00
1,I,LO/LO/408,"Auto Added Extension",0,0,15,2.78988,01:09:30,0,0,00:00:00,0,0,00:00:00,0,0,00:00:00,0,0,00:00:00
1,I,LO/LO/409,"Auto Added Extension",0,0,7,0.65953,00:11:02,0,0,00:00:00,0,0,00:00:00,0,0,00:00:00,0,0,00:00:00







1,I,LO/LO/417,"Auto Added Extension",0,0,4,2.72552,01:20:48,0,0,00:00:00,0,0,00:00:00,0,0,00:00:00,0,0,00:00:00

1,I,LO/LO/419,"Auto Added Extension",0,0,56,7.41445,02:10:08,0,0,00:00:00,0,0,00:00:00,0,0,00:00:00,0,0,00:00:00








1,I,LO/LO/428,"Auto Added Extension",0,0,1,0.042,00:00:40,0,0,00:00:00,0,0,00:00:00,0,0,00:00:00,0,0,00:00:00

1,I,LO/LO/430,"Auto Added Extension",0,0,9,1.46572,00:21:46,0,0,00:00:00,0,0,00:00:00,0,0,00:00:00,0,0,00:00:00
1,I,LO/LO/431,"Auto Added Extension",0,0,8,0.79355,00:07:00,0,0,00:00:00,0,0,00:00:00,0,0,00:00:00,0,0,00:00:00
1,I,LO/LO/432,"Auto Added Extension",0,0,82,7.20561,01:55:46,0,0,00:00:00,0,0,00:00:00,0,0,00:00:00,0,0,00:00:00


1,I,LO/LO/435,"Auto Added Extension",0,0,19,5.04385,01:32:48,0,0,00:00:00,0,0,00:00:00,0,0,00:00:00,0,0,00:00:00
1,I,LO/LO/436,"Auto Added Extension",0,0,1,0.04256,00:01:16,0,0,00:00:00,0,0,00:00:00,0,0,00:00:00,0,0,00:00:00
1,I,LO/LO/437,"Auto Added Extension",0,0,31,7.70887,02:05:44,0,0,00:00:00,0,0,00:00:00,0,0,00:00:00,0,0,00:00:00
1,I,LO/LO/438,"Auto Added Extension",0,0,2,0.51066,00:04:24,0,0,00:00:00,0,0,00:00:00,0,0,00:00:00,0,0,00:00:00
1,I,LO/LO/439,"Auto Added Extension",0,0,9,4.11751,00:47:52,0,0,00:00:00,0,0,00:00:00,0,0,00:00:00,0,0,00:00:00


1,I,LO/LO/442,"Auto Added Extension",0,0,20,3.84479,00:58:58,0,0,00:00:00,0,0,00:00:00,0,0,00:00:00,0,0,00:00:00
1,I,LO/LO/443,"Auto Added Extension",0,0,7,1.51813,00:22:32,0,0,00:00:00,0,0,00:00:00,0,0,00:00:00,0,0,00:00:00












1,I,LO/LO/456,"Auto Added Extension",0,0,26,3.40009,00:51:12,0,0,00:00:00,0,0,00:00:00,0,0,00:00:00,0,0,00:00:00



1,I,LO/LO/460,"Auto Added Extension",0,0,53,6.55439,01:31:42,0,0,00:00:00,0,0,00:00:00,0,0,00:00:00,0,0,00:00:00

1,I,LO/LO/462,"Auto Added Extension",0,0,33,5.21237,00:51:36,0,0,00:00:00,0,0,00:00:00,0,0,00:00:00,0,0,00:00:00
1,I,LO/LO/463,"Auto Added Extension",0,0,2,1.45816,00:21:40,0,0,00:00:00,0,0,00:00:00,0,0,00:00:00,0,0,00:00:00





1,I,LO/LO/469,"Auto Added Extension",0,0,43,4.3454,00:59:28,0,0,00:00:00,0,0,00:00:00,0,0,00:00:00,0,0,00:00:00

1,I,LO/LO/471,"Auto Added Extension",0,0,8,1.6917,00:54:50,0,0,00:00:00,0,0,00:00:00,0,0,00:00:00,0,0,00:00:00


1,I,LO/LO/474,"Auto Added Extension",0,0,11,5.125,00:59:22,0,0,00:00:00,0,0,00:00:00,0,0,00:00:00,0,0,00:00:00












1,I,LO/LO/487,"Auto Added Extension",0,0,127,25.07939,07:04:12,0,0,00:00:00,0,0,00:00:00,0,0,00:00:00,0,0,00:00:00



1,I,LO/LO/491,"Auto Added Extension",0,0,11,0.62776,00:09:34,0,0,00:00:00,0,0,00:00:00,0,0,00:00:00,0,0,00:00:00
1,I,LO/LO/492,"Auto Added Extension",0,0,5,0.58391,00:03:14,0,0,00:00:00,0,0,00:00:00,0,0,00:00:00,0,0,00:00:00






1,I,LO/LO/499,"Auto Added Extension",0,0,82,12.63864,03:01:40,0,0,00:00:00,0,0,00:00:00,0,0,00:00:00,0,0,00:00:00
1,I,LO/LO/500,"Auto Added Extension",0,0,48,5.84784,00:50:56,0,0,00:00:00,0,0,00:00:00,0,0,00:00:00,0,0,00:00:00










1,I,LO/LO/511,"Auto Added Extension",0,0,21,3.10473,01:29:42,0,0,00:00:00,0,0,00:00:00,0,0,00:00:00,0,0,00:00:00

1,I,LO/LO/513,"Auto Added Extension",0,0,16,14.2946,00:14:26,0,0,00:00:00,0,0,00:00:00,0,0,00:00:00,0,0,00:00:00







1,I,LO/LO/521,"Auto Added Extension",0,0,98,12.83358,03:07:34,0,0,00:00:00,0,0,00:00:00,0,0,00:00:00,0,0,00:00:00


1,I,LO/LO/524,"Auto Added Extension",0,0,7,0.294,00:03:30,0,0,00:00:00,0,0,00:00:00,0,0,00:00:00,0,0,00:00:00


















1,I,LO/LO/543,"Auto Added Extension",0,0,29,2.33232,00:43:20,0,0,00:00:00,0,0,00:00:00,0,0,00:00:00,0,0,00:00:00







1,I,LO/LO/551,"Auto Added Extension",0,0,1,0.836,00:06:20,0,0,00:00:00,0,0,00:00:00,0,0,00:00:00,0,0,00:00:00

1,I,LO/LO/553,"Auto Added Extension",0,0,6,0.62367,00:04:26,0,0,00:00:00,0,0,00:00:00,0,0,00:00:00,0,0,00:00:00
1,I,LO/LO/554,"Auto Added Extension",0,0,6,1.16916,00:13:28,0,0,00:00:00,0,0,00:00:00,0,0,00:00:00,0,0,00:00:00
1,I,LO/LO/555,"Auto Added Extension",0,0,13,0.92062,00:17:26,0,0,00:00:00,0,0,00:00:00,0,0,00:00:00,0,0,00:00:00
1,I,LO/LO/556,"Auto Added Extension",0,0,3,0.128,00:01:06,0,0,00:00:00,0,0,00:00:00,0,0,00:00:00,0,0,00:00:00









1,I,LO/LO/566,"Auto Added Extension",0,0,2,0.273,00:02:34,0,0,00:00:00,0,0,00:00:00,0,0,00:00:00,0,0,00:00:00













































































































































































































































1,I,LO/LO/804,"Auto Added Extension",0,0,73,3.19829,01:19:34,0,0,00:00:00,0,0,00:00:00,0,0,00:00:00,0,0,00:00:00























1,I,LO/LO/828,"Auto Added Extension",0,0,9,0.67823,00:24:38,0,0,00:00:00,0,0,00:00:00,0,0,00:00:00,0,0,00:00:00


1,I,LO/LO/831,"Auto Added Extension",0,0,4,0.90891,00:28:52,0,0,00:00:00,0,0,00:00:00,0,0,00:00:00,0,0,00:00:00



1,I,LO/LO/835,"Auto Added Extension",0,0,2,0,00:48:02,0,0,00:00:00,0,0,00:00:00,0,0,00:00:00,0,0,00:00:00































1,I,LO/LO/867,"Auto Added Extension",0,0,1,0.042,00:00:06,0,0,00:00:00,0,0,00:00:00,0,0,00:00:00,0,0,00:00:00
